{"timestamps": [1513906635.503788, 1513906636.709025, 1513906637.698549], "initial_reset_timestamp": 1513906634.416622, "episode_types": ["t", "t", "t", "t"], "episode_lengths": [3408, 3897, 3056], "episode_rewards": [-21.0, -19.0, -21.0]}