{"timestamps": [1518913836.210818, 1518913840.348157, 1518913844.249499, 1518913847.772986, 1518913851.070345, 1518913856.044716, 1518913860.144736, 1518913863.574627, 1518913867.462233, 1518913871.054848, 1518913874.51723, 1518913878.217668, 1518913881.980129, 1518913885.144637, 1518913888.61404, 1518913892.216513, 1518913896.592635, 1518913901.418159, 1518913906.22874, 1518913910.716303, 1518913914.315838, 1518913917.811307, 1518913921.046993, 1518913924.683065, 1518913928.48157, 1518913932.570667, 1518913936.750503, 1518913940.401839, 1518913944.907084, 1518913948.688547, 1518913952.333868, 1518913957.330329, 1518913960.822393, 1518913964.851618, 1518913969.576796, 1518913973.769223, 1518913977.497483, 1518913981.700973, 1518913984.860641, 1518913988.683401, 1518913992.46071, 1518913996.086063, 1518913999.478667, 1518914003.249282, 1518914007.32995, 1518914010.903776, 1518914015.400699, 1518914018.998638, 1518914022.822497, 1518914027.199449, 1518914030.842445, 1518914035.186933, 1518914039.787663, 1518914048.913526], "initial_reset_timestamp": 1518913830.481519, "episode_types": ["t", "t", "t", "t", "t", "t", "t", "t", "t", "t", "t", "t", "t", "t", "t", "t", "t", "t", "t", "t", "t", "t", "t", "t", "t", "t", "t", "t", "t", "t", "t", "t", "t", "t", "t", "t", "t", "t", "t", "t", "t", "t", "t", "t", "t", "t", "t", "t", "t", "t", "t", "t", "t", "t", "t"], "episode_lengths": [4213, 3990, 3762, 3371, 3168, 4805, 3975, 3296, 3752, 3424, 3280, 3547, 3587, 3056, 3348, 3460, 4152, 4527, 4546, 4219, 3408, 3280, 3056, 3304, 3591, 3896, 3967, 3480, 4314, 3575, 3488, 4682, 3283, 3837, 4521, 4021, 3579, 4043, 3056, 3607, 3536, 3408, 3168, 3520, 3848, 3355, 4309, 3408, 3656, 4205, 3486, 4159, 4300, 3613], "episode_rewards": [-18.0, -20.0, -21.0, -21.0, -21.0, -20.0, -21.0, -21.0, -19.0, -21.0, -21.0, -20.0, -20.0, -21.0, -20.0, -20.0, -18.0, -18.0, -19.0, -18.0, -21.0, -21.0, -21.0, -21.0, -20.0, -21.0, -20.0, -21.0, -18.0, -21.0, -21.0, -17.0, -21.0, -21.0, -20.0, -20.0, -20.0, -20.0, -21.0, -20.0, -21.0, -21.0, -21.0, -21.0, -21.0, -21.0, -18.0, -21.0, -21.0, -20.0, -21.0, -20.0, -19.0, -21.0]}