{"timestamps": [1513737691.267864, 1513737702.420258, 1513737716.099305, 1513737728.291529, 1513737743.361007, 1513737755.563406, 1513737768.104621, 1513737784.683525, 1513737797.941206, 1513737810.083948, 1513737828.053437, 1513737835.183613, 1513737871.393611, 1513737886.058665, 1513737893.276975, 1513737904.012984, 1513737919.321804, 1513737942.264579, 1513737949.304717, 1513737963.341959, 1513737970.526775, 1513737986.853493, 1513738004.018971, 1513738011.113612], "initial_reset_timestamp": 1513737682.958949, "episode_types": ["t", "t", "t", "t", "t", "t", "t", "t", "t", "t", "t", "t", "t", "t", "t", "t", "t", "t", "t", "t", "t", "t", "t", "t", "t"], "episode_lengths": [8114, 11410, 13908, 12475, 15298, 12308, 11922, 12716, 13071, 11922, 17111, 7095, 34958, 14553, 7095, 10629, 15169, 23275, 7095, 14300, 7329, 16652, 17259, 7095], "episode_rewards": [19.0, 19.0, 18.0, 19.0, 16.0, 19.0, 20.0, 20.0, 16.0, 20.0, 12.0, 21.0, 18.0, 16.0, 21.0, 19.0, 20.0, 19.0, 21.0, 14.0, 20.0, 17.0, 14.0, 21.0]}