{"timestamps": [1513742286.673156, 1513742294.373868, 1513742302.648814, 1513742309.931455, 1513742317.258677, 1513742325.599438, 1513742333.246595, 1513742340.684144, 1513742348.33052, 1513742355.629226, 1513742363.277652, 1513742370.517092, 1513742377.462496, 1513742385.555509, 1513742392.461334, 1513742400.195901, 1513742407.938541, 1513742415.125261, 1513742423.919989, 1513742431.955302, 1513742438.883396, 1513742446.83897, 1513742453.975139, 1513742460.850774, 1513742467.812485, 1513742475.470139, 1513742483.099713, 1513742490.876671, 1513742498.947451, 1513742505.883599, 1513742513.33513, 1513742520.247342, 1513742527.69785, 1513742536.509404, 1513742545.086053, 1513742553.107871, 1513742560.418759, 1513742567.66462, 1513742574.641068, 1513742581.652708, 1513742588.947396, 1513742595.981612, 1513742603.842121, 1513742611.226832, 1513742619.279479, 1513742626.584501, 1513742634.115884, 1513742642.795433, 1513742650.519011, 1513742657.79282, 1513742665.752055, 1513742673.793359, 1513742681.461003, 1513742688.428587, 1513742697.077992, 1513742704.226215, 1513742712.430399, 1513742723.523132, 1513742733.681481, 1513742740.878887, 1513742748.402368, 1513742756.823903, 1513742764.633067, 1513742772.925973, 1513742780.23242, 1513742787.480109, 1513742796.988273, 1513742805.647067, 1513742813.53246, 1513742820.839827, 1513742827.963422, 1513742835.618443, 1513742843.600546, 1513742851.146493, 1513742860.684949, 1513742867.972366, 1513742875.431278, 1513742882.993372, 1513742891.381117, 1513742899.221132, 1513742906.865108, 1513742914.9171, 1513742922.527208, 1513742930.045236, 1513742936.948678, 1513742945.327339, 1513742952.634455, 1513742959.48179, 1513742966.359334, 1513742973.802681, 1513742981.038587, 1513742988.511322, 1513742996.285086, 1513743003.92658, 1513743010.889944, 1513743018.75697, 1513743025.770238, 1513743032.978078, 1513743041.463097, 1513743048.592012, 1513743055.835078], "initial_reset_timestamp": 1513742278.478495, "episode_types": ["t", "t", "t", "t", "t", "t", "t", "t", "t", "t", "t", "t", "t", "t", "t", "t", "t", "t", "t", "t", "t", "t", "t", "t", "t", "t", "t", "t", "t", "t", "t", "t", "t", "t", "t", "t", "t", "t", "t", "t", "t", "t", "t", "t", "t", "t", "t", "t", "t", "t", "t", "t", "t", "t", "t", "t", "t", "t", "t", "t", "t", "t", "t", "t", "t", "t", "t", "t", "t", "t", "t", "t", "t", "t", "t", "t", "t", "t", "t", "t", "t", "t", "t", "t", "t", "t", "t", "t", "t", "t", "t", "t", "t", "t", "t", "t", "t", "t", "t", "t", "t", "t"], "episode_lengths": [8253, 7927, 8567, 7501, 7515, 8615, 7723, 7523, 7879, 7515, 7879, 7415, 7181, 8082, 7095, 7981, 7997, 7181, 9019, 8261, 7095, 8193, 7281, 7095, 7181, 7879, 7879, 7989, 8295, 7181, 7673, 7113, 7687, 9041, 8834, 7909, 7515, 7515, 7181, 7197, 7515, 7181, 8117, 7515, 8317, 7515, 7769, 8939, 7967, 7501, 8225, 8261, 7879, 7113, 8787, 7201, 7515, 7515, 7759, 7095, 7515, 8249, 7655, 8169, 7181, 7181, 8857, 8437, 7675, 7181, 7181, 7673, 7825, 7425, 9337, 7415, 7675, 7821, 8647, 8055, 7825, 8257, 7879, 7689, 7095, 8660, 7515, 7027, 7027, 7515, 7181, 7451, 8015, 7879, 7181, 7993, 7095, 7381, 8623, 7181, 7435], "episode_rewards": [21.0, 21.0, 20.0, 20.0, 21.0, 21.0, 20.0, 21.0, 21.0, 21.0, 21.0, 20.0, 21.0, 20.0, 21.0, 20.0, 20.0, 21.0, 19.0, 20.0, 21.0, 20.0, 21.0, 21.0, 21.0, 21.0, 21.0, 21.0, 21.0, 21.0, 21.0, 21.0, 21.0, 21.0, 19.0, 20.0, 21.0, 21.0, 21.0, 21.0, 21.0, 21.0, 21.0, 21.0, 20.0, 21.0, 21.0, 18.0, 20.0, 20.0, 21.0, 20.0, 21.0, 21.0, 19.0, 21.0, 21.0, 21.0, 21.0, 21.0, 21.0, 19.0, 20.0, 20.0, 21.0, 21.0, 20.0, 20.0, 20.0, 21.0, 21.0, 21.0, 21.0, 21.0, 18.0, 20.0, 20.0, 20.0, 19.0, 21.0, 21.0, 20.0, 21.0, 21.0, 21.0, 19.0, 21.0, 21.0, 21.0, 21.0, 21.0, 21.0, 20.0, 21.0, 21.0, 20.0, 21.0, 21.0, 20.0, 21.0, 20.0]}